Division,Player,Year
Joe Montana Sports Talk Football,Jonathan,2022
Joe Montana Sports Talk Football,Mark,2022
Joe Montana Sports Talk Football,Tim,2022
Joe Montana Sports Talk Football,Bruce,2022
Joe Montana Sports Talk Football,Chance,2022
Joe Montana Sports Talk Football,Teddy,2022
Joe Montana Sports Talk Football,Scott,2022
Joe Montana Sports Talk Football,Benny boy,2022
Joe Montana Sports Talk Football,Gary,2022
Joe Montana Sports Talk Football,Frankie,2022
Joe Montana Sports Talk Football,Chrispy,2022
Joe Montana Sports Talk Football,Nicholas,2022
Joe Montana Sports Talk Football,Maurice,2022
Joe Montana Sports Talk Football,Jake,2022
John Madden Football,Jonathan,2022
John Madden Football,Jerry,2022
John Madden Football,Bookey,2022
John Madden Football,Josh,2022
John Madden Football,Doodle,2022
John Madden Football,Var,2022
John Madden Football,Moe,2022
John Madden Football,Boo,2022
John Madden Football,Quan,2022
John Madden Football,Markie,2022
John Madden Football,Troy,2022
John Madden Football,T Hurd,2022
Joe Montana Sports Talk Football,Jonathan,2023
Joe Montana Sports Talk Football,Mark,2023
Joe Montana Sports Talk Football,Tim,2023
Joe Montana Sports Talk Football,Bruce,2023
Joe Montana Sports Talk Football,Chance,2023
Joe Montana Sports Talk Football,Teddy,2023
Joe Montana Sports Talk Football,Scott,2023
Joe Montana Sports Talk Football,Benny boy,2023
Joe Montana Sports Talk Football,Gary,2023
Joe Montana Sports Talk Football,Frankie,2023
Joe Montana Sports Talk Football,Chrispy,2023
Joe Montana Sports Talk Football,Nicholas,2023
Joe Montana Sports Talk Football,Maurice,2023
Joe Montana Sports Talk Football,Jake,2023
John Madden Football,Jonathan,2023
John Madden Football,Jerry,2023
John Madden Football,Bookey,2023
John Madden Football,Josh,2023
John Madden Football,Doodle,2023
John Madden Football,Var,2023
John Madden Football,Moe,2023
John Madden Football,Boo,2023
John Madden Football,Quan,2023
John Madden Football,Markie,2023
John Madden Football,Troy,2023
John Madden Football,T Hurd,2023
Joe Montana Sports Talk Football,Jonathan,2024
Joe Montana Sports Talk Football,Mark,2024
Joe Montana Sports Talk Football,Tim,2024
Joe Montana Sports Talk Football,Bruce,2024
Joe Montana Sports Talk Football,Chance,2024
Joe Montana Sports Talk Football,Teddy,2024
Joe Montana Sports Talk Football,Scott,2024
Joe Montana Sports Talk Football,Benny boy,2024
Joe Montana Sports Talk Football,Gary,2024
Joe Montana Sports Talk Football,Frankie,2024
Joe Montana Sports Talk Football,Chrispy,2024
Joe Montana Sports Talk Football,Nicholas,2024
Joe Montana Sports Talk Football,Maurice,2024
Joe Montana Sports Talk Football,Jake,2024
Joe Montana Sports Talk Football,Daric,2024
John Madden Football,Jonathan,2024
John Madden Football,Jerry,2024
John Madden Football,Bookey,2024
John Madden Football,Josh,2024
John Madden Football,Doodle,2024
John Madden Football,Var,2024
John Madden Football,Moe,2024
John Madden Football,Boo,2024
John Madden Football,Quan,2024
John Madden Football,Markie,2024
John Madden Football,Troy,2024
John Madden Football,T Hurd,2024
John Madden Football,CJ,2024
